<fuselage><component><descriptor id="myFuselage"><descriptor-spatial><position x="115.0" y="116.0" z="117.0"/><dimensions height="118.0" width="119.0" depth="120.0"/></descriptor-spatial></descriptor></component><wing><component><descriptor id="myLeftWing"><descriptor-spatial><position x="31.0" y="32.0" z="33.0"/><dimensions height="34.0" width="35.0" depth="36.0"/></descriptor-spatial></descriptor></component><engine power="50.0"><component><descriptor id="myLeftEngine"><descriptor-spatial><position x="7.0" y="8.0" z="9.0"/><dimensions height="10.0" width="11.0" depth="12.0"/></descriptor-spatial></descriptor></component><propeller><component><descriptor id="myLeftPropeller"><descriptor-spatial><position x="1.0" y="2.0" z="3.0"/><dimensions height="4.0" width="5.0" depth="6.0"/></descriptor-spatial></descriptor></component></propeller></engine><aileron><component><descriptor id="myLeftAileron"><descriptor-spatial><position x="13.0" y="14.0" z="15.0"/><dimensions height="16.0" width="17.0" depth="18.0"/></descriptor-spatial></descriptor></component></aileron><flap><component><descriptor id="myLeftFlap"><descriptor-spatial><position x="19.0" y="20.0" z="21.0"/><dimensions height="22.0" width="23.0" depth="24.0"/></descriptor-spatial></descriptor></component></flap><gear-main><component><descriptor id="myLeftGear"><descriptor-spatial><position x="25.0" y="26.0" z="27.0"/><dimensions height="28.0" width="29.0" depth="30.0"/></descriptor-spatial></descriptor></component></gear-main></wing><wing><component><descriptor id="myRightWing"><descriptor-spatial><position x="67.0" y="68.0" z="69.0"/><dimensions height="70.0" width="71.0" depth="72.0"/></descriptor-spatial></descriptor></component><engine power="50.0"><component><descriptor id="myRightEngine"><descriptor-spatial><position x="43.0" y="44.0" z="45.0"/><dimensions height="46.0" width="47.0" depth="48.0"/></descriptor-spatial></descriptor></component><propeller><component><descriptor id="myRightPropeller"><descriptor-spatial><position x="37.0" y="38.0" z="39.0"/><dimensions height="40.0" width="41.0" depth="42.0"/></descriptor-spatial></descriptor></component></propeller></engine><aileron><component><descriptor id="myRightAileron"><descriptor-spatial><position x="49.0" y="50.0" z="51.0"/><dimensions height="52.0" width="53.0" depth="54.0"/></descriptor-spatial></descriptor></component></aileron><flap><component><descriptor id="myRightFlap"><descriptor-spatial><position x="55.0" y="56.0" z="57.0"/><dimensions height="58.0" width="59.0" depth="60.0"/></descriptor-spatial></descriptor></component></flap><gear-main><component><descriptor id="myRightGear"><descriptor-spatial><position x="61.0" y="62.0" z="63.0"/><dimensions height="64.0" width="65.0" depth="66.0"/></descriptor-spatial></descriptor></component></gear-main></wing><stabilizer-horizontal><component><descriptor id="myLeftStabilizer"><descriptor-spatial><position x="79.0" y="80.0" z="81.0"/><dimensions height="82.0" width="83.0" depth="84.0"/></descriptor-spatial></descriptor></component><elevator><component><descriptor id="myLeftElevator"><descriptor-spatial><position x="73.0" y="74.0" z="75.0"/><dimensions height="76.0" width="77.0" depth="78.0"/></descriptor-spatial></descriptor></component></elevator></stabilizer-horizontal><stabilizer-horizontal><component><descriptor id="myRightStabilizer"><descriptor-spatial><position x="91.0" y="92.0" z="93.0"/><dimensions height="94.0" width="95.0" depth="96.0"/></descriptor-spatial></descriptor></component><elevator><component><descriptor id="myRightElevator"><descriptor-spatial><position x="85.0" y="86.0" z="87.0"/><dimensions height="88.0" width="89.0" depth="90.0"/></descriptor-spatial></descriptor></component></elevator></stabilizer-horizontal><stabilizer-vertical><component><descriptor id="myVerticalStabilizer"><descriptor-spatial><position x="103.0" y="104.0" z="105.0"/><dimensions height="106.0" width="107.0" depth="108.0"/></descriptor-spatial></descriptor></component><rudder><component><descriptor id="myRudder"><descriptor-spatial><position x="97.0" y="98.0" z="99.0"/><dimensions height="100.0" width="101.0" depth="102.0"/></descriptor-spatial></descriptor></component></rudder></stabilizer-vertical><gear-nose><component><descriptor id="myNoseGear"><descriptor-spatial><position x="109.0" y="110.0" z="111.0"/><dimensions height="112.0" width="113.0" depth="114.0"/></descriptor-spatial></descriptor></component></gear-nose></fuselage>

